Good to Great: Why Some Companies Make the Leap... and Others Don't (Hardcover),James C. Collins
"Zero to One: Notes on Startups, or How to Build the Future (Hardcover)",Peter Thiel
The Lean Startup (Board Book),Eric Ries
How to Win Friends and Influence People (Paperback),Dale Carnegie
The 4-Hour Workweek (ebook),Timothy Ferriss
Start with Why: How Great Leaders Inspire Everyone to Take Action (Hardcover),Simon Sinek
The Hard Thing About Hard Things: Building a Business When There Are No Easy Answers (Hardcover),Ben Horowitz
"Rich Dad, Poor Dad (Paperback)",Robert T. Kiyosaki
Rework (Hardcover),Jason Fried
The Tipping Point: How Little Things Can Make a Big Difference (Paperback),Malcolm Gladwell
The E-myth Revisited (Unknown Binding),Michael E. Gerber
Never Split the Difference: Negotiating as if Your Life Depended on It (Paperback),Chris Voss
Shoe Dog: A Memoir by the Creator of Nike (Hardcover),Phil Knight
Outliers: The Story of Success (Hardcover),Malcolm Gladwell
The Innovator's Dilemma: The Revolutionary Book that Will Change the Way You Do Business (Paperback),Clayton M. Christensen
Think and Grow Rich (Paperback),Napoleon Hill
Freakonomics: A Rogue Economist Explores the Hidden Side of Everything (Hardcover),Steven D. Levitt
Blue Ocean Strategy: How to Create Uncontested Market Space and Make the Competition Irrelevant (Hardcover),W. Chan Kim
The Power of Habit: Why We Do What We Do in Life and Business (Hardcover),Charles Duhigg
Influence: The Psychology of Persuasion (Paperback),Robert B. Cialdini
The five dysfunctions of a team (Paperback),Patrick Lencioni
The Personal MBA: Master the Art of Business (Hardcover),Josh Kaufman
"Built to Last: Successful Habits of Visionary Companies (Good to Great, 2)",James C. Collins
Made to Stick: Why Some Ideas Survive and Others Die (Hardcover),Chip Heath
"Creativity, Inc.: Overcoming the Unseen Forces That Stand in the Way of True Inspiration (Hardcover)",Ed Catmull
Steve Jobs (Hardcover),Walter Isaacson
The Intelligent Investor (Paperback),Benjamin Graham
Bad Blood: Secrets and Lies in a Silicon Valley Startup (Hardcover),John Carreyrou
"Lean In: Women, Work, and the Will to Lead (Hardcover)",Sheryl Sandberg
"Thinking, Fast and Slow (Hardcover)",Daniel Kahneman
Getting Things Done: The Art of Stress-Free Productivity (Paperback),David    Allen
The Goal: A Process of Ongoing Improvement (Paperback),Eliyahu M. Goldratt
Getting to Yes: Negotiating Agreement Without Giving In (Paperback),Roger Fisher
Drive: The Surprising Truth About What Motivates Us (Hardcover),Daniel H. Pink
"The $100 Startup: Reinvent the Way You Make a Living, Do What You Love, and Create a New Future (Hardcover)",Chris Guillebeau
The Everything Store: Jeff Bezos and the Age of Amazon (Hardcover),Brad Stone
"Delivering Happiness: A Path to Profits, Passion, and Purpose (Hardcover)",Tony Hsieh
"Elon Musk: Tesla, SpaceX, and the Quest for a Fantastic Future (Hardcover)",Ashlee Vance
Principles: Life and Work (Audio CD),Ray Dalio
Business Model Generation (Paperback),Alexander Osterwalder
Deep Work: Rules for Focused Success in a Distracted World (Hardcover),Cal Newport
Blink: The Power of Thinking Without Thinking (Paperback),Malcolm Gladwell
Purple Cow: Transform Your Business by Being Remarkable (Hardcover),Seth Godin
Measure What Matters (Kindle Edition),John Doerr
Business adventures (Hardcover),John Brooks
Crossing the Chasm: Marketing and Selling High-Tech Products to Mainstream Customers (Paperback),Geoffrey A. Moore
The Big Short: Inside the Doomsday Machine (Paperback),Michael   Lewis
The Effective Executive: The Definitive Guide to Getting the Right Things Done (Harperbusiness Essentials),Peter F. Drucker
Hooked: How to Build Habit-Forming Products (Hardcover),Nir   Eyal
