Mere Christianity (Kindle Edition),C.S. Lewis
The Screwtape Letters (Kindle Edition),C.S. Lewis
The Shack (Kindle Edition),William Paul Young
Crazy Love: Overwhelmed by a Relentless God (Paperback),Francis Chan
The Great Divorce (Paperback),C.S. Lewis
"The Lion, the Witch and the Wardrobe (Chronicles of Narnia, #1)",C.S. Lewis
Redeeming Love (Paperback),Francine Rivers
The Purpose Driven Life: What on Earth Am I Here for? (Paperback),Rick Warren
The Case for Christ (Mass Market Paperback),Lee Strobel
The Pilgrim's Progress (Paperback),John Bunyan
The Hiding Place: The Triumphant True Story of Corrie Ten Boom (Mass Market Paperback),Corrie ten Boom
"Left Behind (Left Behind, #1)",Tim LaHaye
Heaven is for Real: A Little Boy's Astounding Story of His Trip to Heaven and Back (Paperback),Todd Burpo
The Problem of Pain (Paperback),C.S. Lewis
The Reason for God: Belief in an Age of Skepticism (Hardcover),Timothy J. Keller
The Pursuit of God: The Human Thirst for the Divine (Paperback),A.W. Tozer
"The Magician's Nephew (Chronicles of Narnia, #6)",C.S. Lewis
The Four Loves (Paperback),C.S. Lewis
Knowing God (Paperback),J.I. Packer
A Grief Observed (Paperback),C.S. Lewis
The 5 Love Languages: The Secret to Love that Lasts (Kindle Edition),Gary Chapman
"Prince Caspian (Chronicles of Narnia, #2)",C.S. Lewis
"The Voyage of the Dawn Treader (Chronicles of Narnia, #3)",C.S. Lewis
"The Horse and His Boy (Chronicles of Narnia, #5)",C.S. Lewis
Blue Like Jazz: Nonreligious Thoughts on Christian Spirituality (Paperback),Donald Miller
Radical: Taking Back Your Faith from the American Dream (Paperback),David     Platt
"The Silver Chair (Chronicles of Narnia, #4)",C.S. Lewis
"The Last Battle (Chronicles of Narnia, #7)",C.S. Lewis
Love Does: Discover a Secretly Incredible Life in an Ordinary World (Paperback),Bob Goff
The Cost of Discipleship (Paperback),Dietrich Bonhoeffer
Gentle and Lowly: The Heart of Christ for Sinners and Sufferers (Hardcover),Dane C. Ortlund
Captivating: Unveiling the Mystery of a Woman's Soul (Hardcover),John Eldredge
Surprised by Joy: The Shape of My Early Life (Paperback),C.S. Lewis
"This Present Darkness (Darkness, #1)",Frank E. Peretti
"The Chronicles of Narnia (The Chronicles of Narnia, #1-7)",C.S. Lewis
"A Voice in the Wind (Mark of the Lion, #1)",Francine Rivers
Forgotten God: Reversing Our Tragic Neglect of the Holy Spirit (Paperback),Francis Chan
Wild at Heart: Discovering the Secret of a Man's Soul (Kindle Edition),John Eldredge
The Meaning of Marriage: Facing the Complexities of Commitment with the Wisdom of God (Hardcover),Timothy J. Keller
The Prodigal God: Recovering the Heart of the Christian Faith (Hardcover),Timothy J. Keller
My Utmost for His Highest (Paperback),Oswald Chambers
Desiring God: Meditations of a Christian Hedonist (Paperback),John      Piper
"Seeking Allah, Finding Jesus: A Devout Muslim Encounters Christianity (Paperback)",Nabeel Qureshi
The Ruthless Elimination of Hurry: How to Stay Emotionally Healthy and Spiritually Alive in the Chaos of the Modern World (Hardcover),John Mark Comer
Confessions (Paperback),Augustine of Hippo
Don't Waste Your Life (Paperback),John      Piper
The Practice of the Presence of God (Paperback),Brother Lawrence
The Holy Bible: King James Version (Hardcover),Anonymous
"Tribulation Force (Left Behind, #2)",Tim LaHaye
The Abolition of Man (Paperback),C.S. Lewis
